{
  "baseMetrics": {
    "accuracy": 71.81818181818181,
    "brierScore": 0.18781512681505116,
    "logLoss": 0.5539632231311135
  },
  "marketMetrics": {
    "accuracy": 76.36363636363637,
    "brierScore": 0.16213628484324313,
    "logLoss": 0.49362604147950817
  },
  "ensembleMetrics": {
    "accuracy": 72.72727272727273,
    "brierScore": 0.17958672238714637,
    "logLoss": 0.5348194480617007
  },
  "validationAccuracy": 72.72727272727273,
  "brierScore": 0.17958672238714637,
  "logLoss": 0.5348194480617007,
  "numTrainingSamples": 255,
  "numValidationSamples": 110,
  "splitDate": "2025-03-07T01:00Z"
}