{
  "baseMetrics": {
    "accuracy": 71.42857142857143,
    "brierScore": 0.2689496496855884,
    "logLoss": 1.642646644142823
  },
  "marketMetrics": {
    "accuracy": 87.39495798319328,
    "brierScore": 0.10653171854567282,
    "logLoss": 0.4946942245123816
  },
  "ensembleMetrics": {
    "accuracy": 71.70868347338936,
    "brierScore": 0.17331956799447615,
    "logLoss": 0.5987913798063071
  },
  "validationAccuracy": 71.70868347338936,
  "brierScore": 0.17331956799447615,
  "logLoss": 0.5987913798063071,
  "numTrainingSamples": 833,
  "numValidationSamples": 357,
  "splitDate": "2025-10-11T19:30Z"
}