{
  "market": "total",
  "predictionType": "regression",
  "validationAccuracy": 50.905432595573444,
  "brierScore": 0.2900293513418866,
  "logLoss": 0.7957777535207722,
  "sigma": 38,
  "splitDate": "2025-09-27T16:00Z",
  "numTrainingSamples": 1158,
  "numValidationSamples": 497
}