{
  "market": "spread",
  "trainingAccuracy": 67.68092105263158,
  "validationAccuracy": 68.19923371647509,
  "brierScore": 0.2112950006392561,
  "logLoss": 0.6127452179544302,
  "numTrainingSamples": 1216,
  "numValidationSamples": 522,
  "splitDate": "2025-09-20T23:00Z",
  "calibrationData": [
    {
      "binStart": 0.2,
      "binEnd": 0.3,
      "predictedProb": 0.27897148297857594,
      "actualWinRate": 0.13513513513513514,
      "count": 74
    },
    {
      "binStart": 0.3,
      "binEnd": 0.4,
      "predictedProb": 0.3468083652936853,
      "actualWinRate": 0.3357664233576642,
      "count": 411
    },
    {
      "binStart": 0.4,
      "binEnd": 0.5,
      "predictedProb": 0.42907543550696314,
      "actualWinRate": 0.4864864864864865,
      "count": 37
    }
  ],
  "calibrated": true
}