{
  "market": "total",
  "predictionType": "regression",
  "validationAccuracy": 49.09090909090909,
  "brierScore": 0.3000789044622877,
  "logLoss": 0.8297043222259505,
  "sigma": 38,
  "splitDate": "2025-03-07T01:00Z",
  "numTrainingSamples": 255,
  "numValidationSamples": 110
}