{
  "market": "total",
  "predictionType": "regression",
  "validationAccuracy": 45.87525150905433,
  "brierScore": 0.2719291133008752,
  "logLoss": 0.7379948996753445,
  "sigma": 30,
  "splitDate": "2025-09-27T16:00Z",
  "numTrainingSamples": 1158,
  "numValidationSamples": 497
}