{
  "baseMetrics": {
    "accuracy": 69.74789915966386,
    "brierScore": 0.19635607242008132,
    "logLoss": 0.5782850602758344
  },
  "marketMetrics": {
    "accuracy": 76.19047619047619,
    "brierScore": 0.16663097654154668,
    "logLoss": 0.5096395313700993
  },
  "ensembleMetrics": {
    "accuracy": 72.82913165266106,
    "brierScore": 0.18683910205646453,
    "logLoss": 0.5562852871116424
  },
  "validationAccuracy": 72.82913165266106,
  "brierScore": 0.18683910205646453,
  "logLoss": 0.5562852871116424,
  "numTrainingSamples": 833,
  "numValidationSamples": 357,
  "splitDate": "2025-10-11T19:30Z"
}