{
  "market": "total",
  "predictionType": "regression",
  "weights": [
    0.458389260126315,
    0.13363344798146445,
    -0.36581329846502586,
    0.506904454993891,
    -0.004581639628284414,
    -0.03933530244389821,
    0.07762497066647209,
    -0.06350815408395583,
    0.039094278839685095,
    -0.004550208387341662,
    0.026447967894106597,
    -0.10687214430799288,
    0.7213422916854627,
    0.32411679714953406,
    0.458389260126315,
    0.13363344798146445,
    0.35902005624522304,
    0.24768955810198934,
    0.3057494342015459,
    0.17915537012181984,
    0.10174936403907547,
    0.23322685632430107,
    -0.16090553359538157,
    0.0644343119621282,
    -0.05202467197076008,
    -0.2696170790172969,
    0.00741000477486882,
    0.05037776141108441,
    0.045302195569939904,
    0.15823685463313908,
    0.6530237769183035,
    0.7198680322027795,
    0.3057494342015459,
    0.17915537012181984,
    0.40876518419522656,
    0.6399091572416082
  ],
  "bias": 53.335308056871966,
  "means": [
    28.109952606635062,
    28.332938388625593,
    27.071101895734582,
    27.432342022116906,
    0.533649289099526,
    0.541931279620854,
    2.470912322274879,
    2.7749644549763053,
    -0.2812393364928912,
    -1.1313562401263821,
    0.494067930489731,
    0.47856951026856204,
    53.7489928909953,
    53.89091232227485,
    28.109952606635062,
    28.332938388625593,
    25.639040284360185,
    25.557973933649315,
    28.514631102836077,
    28.472670766568843,
    26.982868732417028,
    27.290089162760495,
    0.5484725983600387,
    0.5497477055593162,
    3.3577437373053503,
    3.2444826224328605,
    -0.5740006159256749,
    -1.328776045976581,
    0.4864159927530781,
    0.47575725475814273,
    53.67151846836678,
    53.70085891070488,
    28.514631102836077,
    28.472670766568843,
    25.156887365530746,
    25.22818814413597
  ],
  "stds": [
    8.425891475336723,
    8.307359504354716,
    3.8406797088885356,
    3.854846771648549,
    0.2851987753424627,
    0.2800570185982397,
    13.404462412058663,
    13.131574169329937,
    6.474343712838006,
    6.2329071878730975,
    0.12826798409397328,
    0.12983614065441854,
    9.266273992353737,
    9.423282751618846,
    8.425891475336723,
    8.307359504354716,
    7.859775822164431,
    7.848950697780732,
    7.153888023245078,
    7.127757969100661,
    2.900469859345256,
    2.9192133830634317,
    0.2352243975698929,
    0.23257344670533966,
    11.738073226114665,
    11.572123344770693,
    5.845159686131268,
    5.479107487996946,
    0.10507977546561452,
    0.10387874761690592,
    7.634123007866069,
    7.881992357773738,
    7.153888023245078,
    7.127757969100661,
    6.8449240120910515,
    6.871316282286624
  ],
  "sigma": 38,
  "featureNames": [
    "homePointsAvg5",
    "awayPointsAvg5",
    "homeOppPointsAvg5",
    "awayOppPointsAvg5",
    "homeWinRate5",
    "awayWinRate5",
    "homeAvgMargin5",
    "awayAvgMargin5",
    "homeOppAvgMargin5",
    "awayOppAvgMargin5",
    "homeOppWinRate5",
    "awayOppWinRate5",
    "homePace5",
    "awayPace5",
    "homeOffEff5",
    "awayOffEff5",
    "homeDefEff5",
    "awayDefEff5",
    "homePointsAvg10",
    "awayPointsAvg10",
    "homeOppPointsAvg10",
    "awayOppPointsAvg10",
    "homeWinRate10",
    "awayWinRate10",
    "homeAvgMargin10",
    "awayAvgMargin10",
    "homeOppAvgMargin10",
    "awayOppAvgMargin10",
    "homeOppWinRate10",
    "awayOppWinRate10",
    "homePace10",
    "awayPace10",
    "homeOffEff10",
    "awayOffEff10",
    "homeDefEff10",
    "awayDefEff10"
  ],
  "sport": "cfb",
  "seasons": [
    2024,
    2025
  ],
  "trainedAt": "2025-11-30T22:29:06.251Z"
}