{
  "market": "total",
  "predictionType": "regression",
  "validationAccuracy": 50.617283950617285,
  "brierScore": 0.2545721263824605,
  "logLoss": 0.7064317942833054,
  "sigma": 38,
  "splitDate": "2025-11-18T00:30Z",
  "numTrainingSamples": 187,
  "numValidationSamples": 81
}