{
  "market": "total",
  "predictionType": "regression",
  "weights": [
    -0.0019390028052183694,
    0.1738573502572651,
    -0.727882014230472,
    0.18461196810467795,
    0.26314702498712006,
    -0.4227881426324581,
    0.06101262786597911,
    -0.05842556396021696,
    -0.9655650428130544,
    -0.07880663625137166,
    -0.9142131837978384,
    0.05680615152379587,
    -0.06244667529809606,
    0.3163356792582027,
    -0.0019390028052183694,
    0.1738573502572651,
    -0.08755667275705235,
    0.25427737393817407,
    0.13771137784119525,
    0.26159680741266667,
    -1.540593023785031,
    -0.8080998483321788,
    -0.423132862899016,
    0.11496613062200073,
    -0.3539286697493019,
    0.03483580436171942,
    0.4213203025968147,
    -0.1658492191877629,
    -0.08000646632498651,
    -0.13313330217674887,
    0.5362321080852568,
    0.3141904568043054,
    0.13771137784119525,
    0.26159680741266667,
    0.609415292556128,
    0.18565611487725636
  ],
  "bias": 233.78609625668457,
  "means": [
    116.96240641711232,
    116.56417112299461,
    116.89158645276292,
    116.39124777183599,
    0.502192513368984,
    0.4970053475935828,
    -0.06449197860962563,
    0.1032085561497323,
    -0.30766844919786085,
    0.40347593582887703,
    0.48348663101604283,
    0.5207272727272729,
    233.98930481283435,
    233.02513368983983,
    116.96240641711232,
    116.56417112299461,
    117.02689839572186,
    116.4609625668449,
    116.60522918258214,
    116.54756217638574,
    116.45519745777099,
    116.17388280312127,
    0.5040675664205074,
    0.5055029284441052,
    0.3649316696375521,
    0.3476071640777523,
    -0.31687749342161137,
    0.19813281979458447,
    0.49106400135811856,
    0.5181075248281131,
    232.84552669552676,
    232.7475171886937,
    116.60522918258214,
    116.54756217638574,
    116.24029751294461,
    116.19995501230801
  ],
  "stds": [
    6.658401237788339,
    6.706515447432649,
    3.3208676772241734,
    3.0597434037479427,
    0.28709126788128375,
    0.2877398835982153,
    9.288839668600867,
    9.983930852458103,
    4.81096814133278,
    4.936113152224122,
    0.14874761880226897,
    0.13853590995517173,
    9.48902135389539,
    9.215750836736028,
    6.658401237788339,
    6.706515447432649,
    6.620251300248853,
    6.879470904733885,
    5.310740413760926,
    5.1017595203862625,
    2.2099123061543122,
    1.9768495901356702,
    0.23254848068324044,
    0.22946007132221025,
    7.737061759754782,
    7.719477312773463,
    3.6646722296530965,
    3.6531101358592775,
    0.10625886161451222,
    0.10914707897578042,
    7.834418477591731,
    7.639613973054869,
    5.310740413760926,
    5.1017595203862625,
    5.693518686699085,
    5.7401276654799105
  ],
  "sigma": 38,
  "featureNames": [
    "homePointsAvg5",
    "awayPointsAvg5",
    "homeOppPointsAvg5",
    "awayOppPointsAvg5",
    "homeWinRate5",
    "awayWinRate5",
    "homeAvgMargin5",
    "awayAvgMargin5",
    "homeOppAvgMargin5",
    "awayOppAvgMargin5",
    "homeOppWinRate5",
    "awayOppWinRate5",
    "homePace5",
    "awayPace5",
    "homeOffEff5",
    "awayOffEff5",
    "homeDefEff5",
    "awayDefEff5",
    "homePointsAvg10",
    "awayPointsAvg10",
    "homeOppPointsAvg10",
    "awayOppPointsAvg10",
    "homeWinRate10",
    "awayWinRate10",
    "homeAvgMargin10",
    "awayAvgMargin10",
    "homeOppAvgMargin10",
    "awayOppAvgMargin10",
    "homeOppWinRate10",
    "awayOppWinRate10",
    "homePace10",
    "awayPace10",
    "homeOffEff10",
    "awayOffEff10",
    "homeDefEff10",
    "awayDefEff10"
  ],
  "sport": "nba",
  "seasons": [
    2024,
    2025
  ],
  "trainedAt": "2025-11-30T22:29:06.410Z"
}