{
  "baseMetrics": {
    "accuracy": 69.74789915966386,
    "brierScore": 0.19257882910627622,
    "logLoss": 0.5686913572559105
  },
  "marketMetrics": {
    "accuracy": 76.47058823529412,
    "brierScore": 0.16466211604746023,
    "logLoss": 0.5040262667594713
  },
  "ensembleMetrics": {
    "accuracy": 71.98879551820728,
    "brierScore": 0.1836496166128625,
    "logLoss": 0.5479861436937821
  },
  "validationAccuracy": 71.98879551820728,
  "brierScore": 0.1836496166128625,
  "logLoss": 0.5479861436937821,
  "numTrainingSamples": 833,
  "numValidationSamples": 357,
  "splitDate": "2025-10-11T19:30Z"
}