{
  "baseMetrics": {
    "accuracy": 54.621848739495796,
    "brierScore": 0.34367610171859003,
    "logLoss": 1.1963978464495182
  },
  "marketMetrics": {
    "accuracy": 56.86274509803921,
    "brierScore": 0.3268057180567589,
    "logLoss": 1.1238252065600585
  },
  "ensembleMetrics": {
    "accuracy": 55.46218487394958,
    "brierScore": 0.3384100356798808,
    "logLoss": 1.1724410224038622
  },
  "validationAccuracy": 55.46218487394958,
  "brierScore": 0.3384100356798808,
  "logLoss": 1.1724410224038622,
  "numTrainingSamples": 833,
  "numValidationSamples": 357,
  "splitDate": "2025-10-11T19:30Z"
}