{
  "baseMetrics": {
    "accuracy": 62.06896551724138,
    "brierScore": 0.23216431829201217,
    "logLoss": 0.6552911884087027
  },
  "marketMetrics": {
    "accuracy": 62.93103448275862,
    "brierScore": 0.22032659743622698,
    "logLoss": 0.6290269094368093
  },
  "ensembleMetrics": {
    "accuracy": 62.93103448275862,
    "brierScore": 0.22845206876401303,
    "logLoss": 0.6469373363805518
  },
  "validationAccuracy": 62.93103448275862,
  "brierScore": 0.22845206876401303,
  "logLoss": 0.6469373363805518,
  "numTrainingSamples": 269,
  "numValidationSamples": 116,
  "splitDate": "2025-10-05T17:00Z"
}