{
  "market": "total",
  "predictionType": "regression",
  "validationAccuracy": 52.10084033613446,
  "brierScore": 0.2798353180799995,
  "logLoss": 0.7685046862766399,
  "sigma": 38,
  "splitDate": "2025-10-11T19:30Z",
  "numTrainingSamples": 833,
  "numValidationSamples": 357
}