{
  "market": "total",
  "predictionType": "regression",
  "validationAccuracy": 48.18181818181818,
  "brierScore": 0.30108188106214057,
  "logLoss": 0.8281042224503892,
  "sigma": 38,
  "splitDate": "2025-03-07T01:00Z",
  "numTrainingSamples": 255,
  "numValidationSamples": 110
}