{
  "market": "total",
  "predictionType": "regression",
  "weights": [
    0.4207837008301556,
    0.8346637183329444,
    -0.6957605877942024,
    0.021710424966709926,
    -0.14095947706202314,
    -0.18590722249892946,
    0.09165058609854532,
    -0.13783153918012792,
    0.008012584054570424,
    -0.26801051835438594,
    0.39663919700764283,
    -0.7546967888503257,
    0.48649992107611006,
    1.2891538710935841,
    0.4207837008301556,
    0.8346637183329444,
    0.3250571592259339,
    1.0764383533425546,
    1.0380871676612666,
    0.9005558609255991,
    -0.144306870599677,
    -0.29021368761211463,
    -0.23357150776316565,
    -0.6230786577165506,
    0.36956905883512214,
    -0.4320016572558808,
    -0.29570143149559924,
    0.5553196040199515,
    -0.34815888649649307,
    -0.020055000482781537,
    1.092480482984187,
    1.7051235523758292,
    1.0380871676612666,
    0.9005558609255991,
    0.5745325687354015,
    1.5698256113309856
  ],
  "bias": 149.62352941176476,
  "means": [
    75.37584313725495,
    76.21478431372553,
    74.70359477124185,
    74.96788235294117,
    0.547686274509804,
    0.5814901960784313,
    2.3875686274509835,
    4.224549019607843,
    -1.8923790849673214,
    -2.7372418300653605,
    0.4601411764705882,
    0.4427294117647061,
    148.36411764705883,
    148.20501960784324,
    75.37584313725495,
    76.21478431372553,
    72.98827450980393,
    71.99023529411762,
    76.19715686274509,
    76.93559508247742,
    74.52094375713246,
    74.78657704810317,
    0.5912620603797077,
    0.6140087145969504,
    4.145227513227512,
    5.5755331465919715,
    -3.2113419182487783,
    -3.9163330999066286,
    0.43288137773627966,
    0.4147805374001453,
    148.24908621226277,
    148.29565701836285,
    76.19715686274509,
    76.93559508247742,
    72.05192934951752,
    71.36006193588544
  ],
  "stds": [
    7.545611006776729,
    7.752219558986593,
    3.8715261577365094,
    3.82170768547491,
    0.28150808787155857,
    0.30170777788651143,
    9.379884712814036,
    10.16738690919759,
    5.6464184872730385,
    6.39070058780382,
    0.15633449733923388,
    0.1575928497829266,
    11.285650993146136,
    11.125420877679094,
    7.545611006776729,
    7.752219558986593,
    7.123049369251993,
    7.312897171619186,
    6.488675556186338,
    6.683497259393047,
    3.3572342985915586,
    3.0766857674244807,
    0.2268890286416139,
    0.2407606294335708,
    8.530972089534831,
    9.047800857674526,
    5.080226788682708,
    5.1308973251020715,
    0.12678249195916078,
    0.1269529366501326,
    9.445329682877976,
    9.352043844373771,
    6.488675556186338,
    6.683497259393047,
    6.236421917404957,
    6.323968421592429
  ],
  "sigma": 38,
  "featureNames": [
    "homePointsAvg5",
    "awayPointsAvg5",
    "homeOppPointsAvg5",
    "awayOppPointsAvg5",
    "homeWinRate5",
    "awayWinRate5",
    "homeAvgMargin5",
    "awayAvgMargin5",
    "homeOppAvgMargin5",
    "awayOppAvgMargin5",
    "homeOppWinRate5",
    "awayOppWinRate5",
    "homePace5",
    "awayPace5",
    "homeOffEff5",
    "awayOffEff5",
    "homeDefEff5",
    "awayDefEff5",
    "homePointsAvg10",
    "awayPointsAvg10",
    "homeOppPointsAvg10",
    "awayOppPointsAvg10",
    "homeWinRate10",
    "awayWinRate10",
    "homeAvgMargin10",
    "awayAvgMargin10",
    "homeOppAvgMargin10",
    "awayOppAvgMargin10",
    "homeOppWinRate10",
    "awayOppWinRate10",
    "homePace10",
    "awayPace10",
    "homeOffEff10",
    "awayOffEff10",
    "homeDefEff10",
    "awayDefEff10"
  ],
  "sport": "ncaam",
  "seasons": [
    2024,
    2025
  ],
  "trainedAt": "2025-11-30T22:29:06.596Z"
}