{
  "baseMetrics": {
    "accuracy": 70.66666666666667,
    "brierScore": 0.19466149062348848,
    "logLoss": 0.5689590169211345
  },
  "marketMetrics": {
    "accuracy": 74.66666666666667,
    "brierScore": 0.17032293430597553,
    "logLoss": 0.51093738625327
  },
  "ensembleMetrics": {
    "accuracy": 71.42857142857143,
    "brierScore": 0.18694301169549743,
    "logLoss": 0.5504823993880849
  },
  "validationAccuracy": 71.42857142857143,
  "brierScore": 0.18694301169549743,
  "logLoss": 0.5504823993880849,
  "numTrainingSamples": 1225,
  "numValidationSamples": 525,
  "splitDate": "2025-09-20T23:00Z"
}