{
  "baseMetrics": {
    "accuracy": 69.74789915966386,
    "brierScore": 0.19635794537733178,
    "logLoss": 0.5782884360859687
  },
  "marketMetrics": {
    "accuracy": 76.19047619047619,
    "brierScore": 0.16658011079180138,
    "logLoss": 0.5095167782130731
  },
  "ensembleMetrics": {
    "accuracy": 72.82913165266106,
    "brierScore": 0.1868230187349486,
    "logLoss": 0.5562455852599917
  },
  "validationAccuracy": 72.82913165266106,
  "brierScore": 0.1868230187349486,
  "logLoss": 0.5562455852599917,
  "numTrainingSamples": 833,
  "numValidationSamples": 357,
  "splitDate": "2025-10-11T19:30Z"
}