{
  "market": "spread",
  "trainingAccuracy": 66.54275092936803,
  "validationAccuracy": 56.896551724137936,
  "brierScore": 0.24003683634945713,
  "logLoss": 0.6728064283255493,
  "numTrainingSamples": 269,
  "numValidationSamples": 116,
  "splitDate": "2025-10-05T17:00Z",
  "calibrationData": [
    {
      "binStart": 0.4,
      "binEnd": 0.5,
      "predictedProb": 0.4701524082293428,
      "actualWinRate": 0.3181818181818182,
      "count": 22
    },
    {
      "binStart": 0.5,
      "binEnd": 0.6,
      "predictedProb": 0.548256834880369,
      "actualWinRate": 0.48148148148148145,
      "count": 81
    },
    {
      "binStart": 0.6,
      "binEnd": 0.7,
      "predictedProb": 0.6202206496530932,
      "actualWinRate": 0.9230769230769231,
      "count": 13
    }
  ],
  "calibrated": false
}