{
  "baseMetrics": {
    "accuracy": 67.90123456790124,
    "brierScore": 0.2071682975758765,
    "logLoss": 0.6029471976624602
  },
  "marketMetrics": {
    "accuracy": 70.37037037037037,
    "brierScore": 0.20280876986400595,
    "logLoss": 0.5920326021705509
  },
  "ensembleMetrics": {
    "accuracy": 69.1358024691358,
    "brierScore": 0.20582293541398505,
    "logLoss": 0.5995463783679686
  },
  "validationAccuracy": 69.1358024691358,
  "brierScore": 0.20582293541398505,
  "logLoss": 0.5995463783679686,
  "numTrainingSamples": 187,
  "numValidationSamples": 81,
  "splitDate": "2025-11-18T00:30Z"
}