{
  "market": "total",
  "trainingAccuracy": 49.13644214162349,
  "validationAccuracy": 45.67404426559356,
  "brierScore": 0.5383495286549177,
  "logLoss": 3.5291557509386386,
  "numTrainingSamples": 1158,
  "numValidationSamples": 497,
  "splitDate": "2025-09-27T16:00Z",
  "calibrationData": [
    {
      "binStart": 0.4,
      "binEnd": 0.5,
      "predictedProb": 0.42275745994049685,
      "actualWinRate": 1,
      "count": 1
    },
    {
      "binStart": 0.5,
      "binEnd": 0.6,
      "predictedProb": 0.550882987259669,
      "actualWinRate": 1,
      "count": 1
    },
    {
      "binStart": 0.8,
      "binEnd": 0.9,
      "predictedProb": 0.851609070539052,
      "actualWinRate": 0.5714285714285714,
      "count": 7
    },
    {
      "binStart": 0.9,
      "binEnd": 1,
      "predictedProb": 0.9977410385636326,
      "actualWinRate": 0.45491803278688525,
      "count": 488
    }
  ],
  "calibrated": false
}