{
  "baseMetrics": {
    "accuracy": 75,
    "brierScore": 0.2105593746291505,
    "logLoss": 0.7307140891605961
  },
  "marketMetrics": {
    "accuracy": 75,
    "brierScore": 0.20522465142736457,
    "logLoss": 0.7127067556551356
  },
  "ensembleMetrics": {
    "accuracy": 75,
    "brierScore": 0.2088735424746254,
    "logLoss": 0.7247972636682989
  },
  "validationAccuracy": 75,
  "brierScore": 0.2088735424746254,
  "logLoss": 0.7247972636682989,
  "numTrainingSamples": 54,
  "numValidationSamples": 24,
  "splitDate": "2025-11-09T19:00Z"
}