{
  "market": "total",
  "predictionType": "regression",
  "validationAccuracy": 36.36363636363637,
  "brierScore": 0.33821705970788485,
  "logLoss": 0.908393044605612,
  "sigma": 38,
  "splitDate": "2025-11-09T19:00Z",
  "numTrainingSamples": 51,
  "numValidationSamples": 22
}