{
  "weights": [
    0.6671589498394765,
    0.6000840117849875,
    0.1183931751738764,
    -0.025982154752591545,
    1.2313235316430713,
    0.567602622200361,
    0.6312395198580857,
    0.10795815690998684,
    0.025982154752591545
  ],
  "featureNames": [
    "homeWinRate5",
    "awayWinRate5",
    "homeAvgMargin5",
    "awayAvgMargin5",
    "homeAdvantage",
    "homeOppWinRate5",
    "awayOppWinRate5",
    "homeOppAvgMargin5",
    "awayOppAvgMargin5"
  ],
  "sport": "ncaam",
  "season": 2025,
  "trainedAt": "2025-11-29T19:37:27.029Z",
  "calibration": {
    "x": [
      0,
      0.7159444299634071,
      0.7226293438295819,
      0.9044457025812219,
      0.9216056876670021,
      0.9677766608862923,
      0.9726469821299264,
      0.9893610134448458,
      1
    ],
    "y": [
      0,
      0,
      0.6,
      0.6666666666666666,
      0.9166666666666666,
      null,
      null,
      null,
      null
    ]
  }
}