{
  "baseMetrics": {
    "accuracy": 69.14600550964187,
    "brierScore": 0.1974809410186071,
    "logLoss": 0.580193518998131
  },
  "marketMetrics": {
    "accuracy": 74.93112947658402,
    "brierScore": 0.16790488463127073,
    "logLoss": 0.5118997628596266
  },
  "ensembleMetrics": {
    "accuracy": 71.62534435261708,
    "brierScore": 0.1880145107744039,
    "logLoss": 0.5582908035318104
  },
  "validationAccuracy": 71.62534435261708,
  "brierScore": 0.1880145107744039,
  "logLoss": 0.5582908035318104,
  "numTrainingSamples": 844,
  "numValidationSamples": 363,
  "splitDate": "2025-10-11T23:00Z"
}