{
  "market": "spread",
  "trainingAccuracy": 67.38754325259517,
  "validationAccuracy": 68.34677419354838,
  "brierScore": 0.2119667892513454,
  "logLoss": 0.614254420682783,
  "numTrainingSamples": 1156,
  "numValidationSamples": 496,
  "splitDate": "2025-09-27T16:00Z",
  "calibrationData": [
    {
      "binStart": 0.2,
      "binEnd": 0.3,
      "predictedProb": 0.2799149129174043,
      "actualWinRate": 0.125,
      "count": 64
    },
    {
      "binStart": 0.3,
      "binEnd": 0.4,
      "predictedProb": 0.34903750308980785,
      "actualWinRate": 0.3246753246753247,
      "count": 385
    },
    {
      "binStart": 0.4,
      "binEnd": 0.5,
      "predictedProb": 0.4234539172697653,
      "actualWinRate": 0.5106382978723404,
      "count": 47
    }
  ],
  "calibrated": false
}