{
  "baseMetrics": {
    "accuracy": 76.66666666666667,
    "brierScore": 0.19815022361572973,
    "logLoss": 0.5959669006734122
  },
  "marketMetrics": {
    "accuracy": 76.66666666666667,
    "brierScore": 0.1908902393870044,
    "logLoss": 0.5783447394460214
  },
  "ensembleMetrics": {
    "accuracy": 76.66666666666667,
    "brierScore": 0.19588028355563897,
    "logLoss": 0.5904882867483592
  },
  "validationAccuracy": 76.66666666666667,
  "brierScore": 0.19588028355563897,
  "logLoss": 0.5904882867483592,
  "numTrainingSamples": 70,
  "numValidationSamples": 30,
  "splitDate": "2025-11-16T18:00Z"
}