{
  "baseMetrics": {
    "accuracy": 72.1763085399449,
    "brierScore": 0.19100117138106584,
    "logLoss": 0.5621587882900794
  },
  "marketMetrics": {
    "accuracy": 76.85950413223141,
    "brierScore": 0.1644407904943427,
    "logLoss": 0.5007274401674732
  },
  "ensembleMetrics": {
    "accuracy": 73.00275482093664,
    "brierScore": 0.18255135952524182,
    "logLoss": 0.5425100208880056
  },
  "validationAccuracy": 73.00275482093664,
  "brierScore": 0.18255135952524182,
  "logLoss": 0.5425100208880056,
  "numTrainingSamples": 844,
  "numValidationSamples": 363,
  "splitDate": "2025-10-11T23:00Z"
}