{
  "baseMetrics": {
    "accuracy": 70,
    "brierScore": 0.19834353020159923,
    "logLoss": 0.5798171447659545
  },
  "marketMetrics": {
    "accuracy": 77.27272727272727,
    "brierScore": 0.16585687661847412,
    "logLoss": 0.5072788851647002
  },
  "ensembleMetrics": {
    "accuracy": 70.9090909090909,
    "brierScore": 0.18790713472681075,
    "logLoss": 0.5568122285655841
  },
  "validationAccuracy": 70.9090909090909,
  "brierScore": 0.18790713472681075,
  "logLoss": 0.5568122285655841,
  "numTrainingSamples": 255,
  "numValidationSamples": 110,
  "splitDate": "2025-03-07T01:00Z"
}