{
  "baseMetrics": {
    "accuracy": 61.206896551724135,
    "brierScore": 0.22715821489276902,
    "logLoss": 0.6430718513606003
  },
  "marketMetrics": {
    "accuracy": 62.93103448275862,
    "brierScore": 0.21638916947495723,
    "logLoss": 0.6195731154220379
  },
  "ensembleMetrics": {
    "accuracy": 62.06896551724138,
    "brierScore": 0.2238029160840407,
    "logLoss": 0.6356843064894733
  },
  "validationAccuracy": 62.06896551724138,
  "brierScore": 0.2238029160840407,
  "logLoss": 0.6356843064894733,
  "numTrainingSamples": 269,
  "numValidationSamples": 116,
  "splitDate": "2025-10-05T17:00Z"
}